timestamp,machine_id,event_type,event_detail,n_cpus,nomralized_mem,normalized_disk_space
0,1148,add,,64,0.690005953,1
0,1149,add,,64,0.690005953,1
0,1150,add,,64,0.690005953,1
0,1,add,,64,0.689969715,1
0,2,add,,64,0.689969715,1
0,3,add,,64,0.689969715,1
0,4,add,,64,0.689969715,1
0,5,add,,64,0.689969715,1
0,6,add,,64,0.689969715,1
0,7,add,,64,0.689969715,1
0,8,add,,64,0.689969715,1
0,9,add,,64,0.689969715,1
0,10,add,,64,0.689969715,1
0,11,add,,64,0.689969715,1
0,12,add,,64,0.689969715,1
0,13,add,,64,0.689969715,1
0,14,add,,64,0.689969715,1
0,15,add,,64,0.689969715,1
0,16,add,,64,0.689969715,1
0,17,add,,64,0.689969715,1
0,18,add,,64,0.689969715,1
0,19,add,,64,0.689969715,1
0,20,add,,64,0.689969715,1
0,21,add,,64,0.689969715,1
0,22,add,,64,0.689969715,1
0,23,add,,64,0.689969715,1
0,24,add,,64,0.689969715,1
0,25,add,,64,0.689969715,1
0,26,add,,64,0.689969715,1
0,27,add,,64,0.689969715,1
0,28,add,,64,0.689969715,1
0,29,add,,64,0.689969715,1
0,30,add,,64,0.689969715,1
0,31,add,,64,0.689969715,1
0,32,add,,64,0.689969715,1
0,33,add,,64,0.689969715,1
0,34,add,,64,0.689969715,1
0,35,add,,64,0.689969715,1
0,36,add,,64,0.689969715,1
0,37,add,,64,0.689969715,1
0,38,add,,64,0.689969715,1
0,39,add,,64,0.689969715,1
0,40,add,,64,0.689969715,1
0,41,add,,64,0.689969715,1
0,42,add,,64,0.689969715,1
0,43,add,,64,0.689969715,1
0,44,add,,64,0.689969715,1
0,45,add,,64,0.689969715,1
0,46,add,,64,0.689969715,1
0,47,add,,64,0.689969715,1
0,48,add,,64,0.689969715,1
0,49,add,,64,0.689969715,1
0,50,add,,64,0.689969715,1
0,51,add,,64,0.689969715,1
0,52,add,,64,0.689969715,1
0,53,add,,64,0.689969715,1
0,54,add,,64,0.689969715,1
0,55,add,,64,0.689969715,1
0,56,add,,64,0.689969715,1
0,57,add,,64,0.689969715,1
0,58,add,,64,0.689969715,1
0,59,add,,64,0.689969715,1
0,60,add,,64,0.689969715,1
0,61,add,,64,0.689969715,1
0,62,add,,64,0.689969715,1
0,63,add,,64,0.689969715,1
0,64,add,,64,0.689969715,1
0,65,add,,64,0.689969715,1
0,66,add,,64,0.689969715,1
0,67,add,,64,0.689969715,1
0,68,add,,64,0.689969715,1
0,69,add,,64,0.689969715,1
0,70,add,,64,0.689969715,1
0,71,add,,64,0.689969715,1
0,72,add,,64,0.689969715,1
0,73,add,,64,0.689969715,1
0,74,add,,64,0.689969715,1
0,75,add,,64,0.689969715,1
0,76,add,,64,0.689969715,1
0,77,add,,64,0.689969715,1
0,78,add,,64,0.689969715,1
0,79,add,,64,0.689969715,1
0,80,add,,64,0.689969715,1
0,81,add,,64,0.689969715,1
0,82,add,,64,0.689969715,1
0,83,add,,64,0.689969715,1
0,84,add,,64,0.689969715,1
0,85,add,,64,0.689969715,1
0,86,add,,64,0.689969715,1
0,87,add,,64,0.689969715,1
0,88,add,,64,0.689969715,1
0,89,add,,64,0.689969715,1
0,90,add,,64,0.689969715,1
0,91,add,,64,0.689969715,1
0,92,add,,64,0.689969715,1
0,93,add,,64,0.689969715,1
0,94,add,,64,0.689969715,1
0,95,add,,64,0.689969715,1
0,96,add,,64,0.689969715,1
0,97,add,,64,0.689969715,1
0,98,add,,64,0.689969715,1
0,99,add,,64,0.689969715,1
0,100,add,,64,0.689969715,1
0,101,add,,64,0.689969715,1
0,102,add,,64,0.689969715,1
0,103,add,,64,0.689969715,1
0,104,add,,64,0.689969715,1
0,105,add,,64,0.689969715,1
0,106,add,,64,0.689969715,1
0,107,add,,64,0.689969715,1
0,108,add,,64,0.689969715,1
0,109,add,,64,0.689969715,1
0,110,add,,64,0.689969715,1
0,111,add,,64,0.689969715,1
0,112,add,,64,0.689969715,1
0,113,add,,64,0.689969715,1
0,114,add,,64,0.689969715,1
0,115,add,,64,0.689969715,1
0,116,add,,64,0.689969715,1
0,117,add,,64,0.689969715,1
0,118,add,,64,0.689969715,1
0,119,add,,64,0.689969715,1
0,120,add,,64,0.689969715,1
0,121,add,,64,0.689969715,1
0,122,add,,64,0.689969715,1
0,123,add,,64,0.689969715,1
0,124,add,,64,0.689969715,1
0,125,add,,64,0.689969715,1
0,126,add,,64,0.689969715,1
0,127,add,,64,0.689969715,1
0,128,add,,64,0.689969715,1
0,129,add,,64,0.689969715,1
0,130,add,,64,0.689969715,1
0,131,add,,64,0.689969715,1
0,132,add,,64,0.689969715,1
0,133,add,,64,0.689969715,1
0,134,add,,64,0.689969715,1
0,135,add,,64,0.689969715,1
0,136,add,,64,0.689969715,1
0,137,add,,64,0.689969715,1
0,138,add,,64,0.689969715,1
0,139,add,,64,0.689969715,1
0,140,add,,64,0.689969715,1
0,141,add,,64,0.689969715,1
0,142,add,,64,0.689969715,1
0,143,add,,64,0.689969715,1
0,144,add,,64,0.689969715,1
0,145,add,,64,0.689969715,1
0,146,add,,64,0.689969715,1
0,147,add,,64,0.689969715,1
0,148,add,,64,0.689969715,1
0,149,add,,64,0.689969715,1
0,150,add,,64,0.689969715,1
0,151,add,,64,0.689969715,1
0,152,add,,64,0.689969715,1
0,153,add,,64,0.689969715,1
0,154,add,,64,0.689969715,1
0,155,add,,64,0.689969715,1
0,156,add,,64,0.689969715,1
0,157,add,,64,0.689969715,1
0,158,add,,64,0.689969715,1
0,159,add,,64,0.689969715,1
0,160,add,,64,0.689969715,1
0,161,add,,64,0.689969715,1
0,162,add,,64,0.689969715,1
0,163,add,,64,0.689969715,1
0,164,add,,64,0.689969715,1
0,165,add,,64,0.689969715,1
0,166,add,,64,0.689969715,1
0,167,add,,64,0.689969715,1
0,168,add,,64,0.689969715,1
0,169,add,,64,0.689969715,1
0,170,add,,64,0.689969715,1
0,171,add,,64,0.689969715,1
0,172,add,,64,0.689969715,1
0,173,add,,64,0.689969715,1
0,174,add,,64,0.689969715,1
0,175,add,,64,0.689969715,1
0,176,add,,64,0.689969715,1
0,177,add,,64,0.689969715,1
0,178,add,,64,0.689969715,1
0,179,add,,64,0.689969715,1
0,180,add,,64,0.689969715,1
0,181,add,,64,0.689969715,1
0,182,add,,64,0.689969715,1
0,183,add,,64,0.689969715,1
0,184,add,,64,0.689969715,1
0,185,add,,64,0.689969715,1
0,186,add,,64,0.689969715,1
0,187,add,,64,0.689969715,1
0,188,add,,64,0.689969715,1
0,189,add,,64,0.689969715,1
0,190,add,,64,0.689969715,1
0,191,add,,64,0.689969715,1
0,192,add,,64,0.689969715,1
0,193,add,,64,0.689969715,1
0,194,add,,64,0.689969715,1
0,195,add,,64,0.689969715,1
0,196,add,,64,0.689969715,1
0,197,add,,64,0.689969715,1
0,198,add,,64,0.689969715,1
0,199,add,,64,0.689969715,1
0,200,add,,64,0.690000777,1
0,201,add,,64,0.690000777,1
0,202,add,,64,0.690000777,1
0,203,add,,64,0.690000777,1
0,204,add,,64,0.690000777,1
0,205,add,,64,0.690000777,1
0,206,add,,64,0.690000777,1
0,207,add,,64,0.690000777,1
0,208,add,,64,0.690000777,1
0,209,add,,64,0.690000777,1
0,210,add,,64,0.690000777,1
0,211,add,,64,0.690000777,1
0,212,add,,64,0.690000777,1
0,213,add,,64,0.690000777,1
0,214,add,,64,0.690000777,1
0,215,add,,64,0.690000777,1
0,216,add,,64,0.690000777,1
0,217,add,,64,0.690000777,1
0,218,add,,64,0.690000777,1
0,219,add,,64,0.690000777,1
0,220,add,,64,0.690000777,1
0,221,add,,64,0.690000777,1
0,222,add,,64,0.690000777,1
0,223,add,,64,0.690000777,1
0,224,add,,64,0.690000777,1
0,225,add,,64,0.690000777,1
0,226,add,,64,0.690000777,1
0,227,add,,64,0.690000777,1
0,228,add,,64,0.690000777,1
0,229,add,,64,0.690000777,1
0,230,add,,64,0.690000777,1
0,231,add,,64,0.690000777,1
0,232,add,,64,0.690000777,1
0,233,add,,64,0.690000777,1
0,234,add,,64,0.690000777,1
0,235,add,,64,0.690000777,1
0,236,add,,64,0.690000777,1
0,237,add,,64,0.690000777,1
0,238,add,,64,0.690000777,1
0,239,add,,64,0.690000777,1
0,240,add,,64,0.690000777,1
0,241,add,,64,0.690000777,1
0,242,add,,64,0.690000777,1
0,243,add,,64,0.690000777,1
0,244,add,,64,0.690000777,1
0,245,add,,64,0.690000777,1
0,246,add,,64,0.690000777,1
0,247,add,,64,0.690000777,1
0,248,add,,64,0.690000777,1
0,249,add,,64,0.690000777,1
0,250,add,,64,0.690000777,1
0,251,add,,64,0.690000777,1
0,252,add,,64,0.690000777,1
0,253,add,,64,0.690000777,1
0,254,add,,64,0.690000777,1
0,255,add,,64,0.690000777,1
0,256,add,,64,0.690000777,1
0,257,add,,64,0.690000777,1
0,258,add,,64,0.690000777,1
0,259,add,,64,0.690000777,1
0,260,add,,64,0.690000777,1
0,261,add,,64,0.690000777,1
0,262,add,,64,0.690000777,1
0,263,add,,64,0.690000777,1
0,264,add,,64,0.690000777,1
0,265,add,,64,0.690000777,1
0,266,add,,64,0.690000777,1
0,267,add,,64,0.690000777,1
0,268,add,,64,0.690000777,1
0,269,add,,64,0.690000777,1
0,270,add,,64,0.690000777,1
0,271,add,,64,0.690000777,1
0,272,add,,64,0.690000777,1
0,273,add,,64,0.690000777,1
0,274,add,,64,0.690000777,1
0,275,add,,64,0.690000777,1
0,276,add,,64,0.689969715,1
0,277,add,,64,0.689969715,1
0,278,add,,64,0.689969715,1
0,279,add,,64,0.689969715,1
0,280,add,,64,0.689969715,1
0,281,add,,64,0.689969715,1
0,282,add,,64,0.689969715,1
0,283,add,,64,0.689969715,1
0,284,add,,64,0.689969715,1
0,285,add,,64,0.689969715,1
0,286,add,,64,0.689969715,1
0,287,add,,64,0.689969715,1
0,288,add,,64,0.689969715,1
0,289,add,,64,0.689969715,1
0,290,add,,64,0.689969715,1
0,291,add,,64,0.689969715,1
0,292,add,,64,0.689969715,1
0,293,add,,64,0.689969715,1
0,294,add,,64,0.689969715,1
0,295,add,,64,0.689969715,1
0,296,add,,64,0.689969715,1
0,297,add,,64,0.689969715,1
0,298,add,,64,0.689969715,1
0,299,add,,64,0.689969715,1
0,300,add,,64,0.689969715,1
0,301,add,,64,0.689969715,1
0,302,add,,64,0.689969715,1
0,303,add,,64,0.689969715,1
0,304,add,,64,0.689969715,1
0,305,add,,64,0.689969715,1
0,306,add,,64,0.689969715,1
0,307,add,,64,0.689969715,1
0,308,add,,64,0.689969715,1
0,309,add,,64,0.689969715,1
0,310,add,,64,0.689969715,1
0,311,add,,64,0.689969715,1
0,312,add,,64,0.689969715,1
0,313,add,,64,0.689969715,1
0,314,add,,64,0.689969715,1
0,315,add,,64,0.689969715,1
0,316,add,,64,0.689969715,1
0,317,add,,64,0.689969715,1
0,318,add,,64,0.689969715,1
0,319,add,,64,0.690000777,1
0,320,add,,64,0.690000777,1
0,321,add,,64,0.690000777,1
0,322,add,,64,0.690000777,1
0,323,add,,64,0.690000777,1
0,324,add,,64,0.690000777,1
0,325,add,,64,0.690000777,1
0,326,add,,64,0.690000777,1
0,327,add,,64,0.690000777,1
0,328,add,,64,0.690000777,1
0,329,add,,64,0.690000777,1
0,330,add,,64,0.690000777,1
0,331,add,,64,0.690000777,1
0,332,add,,64,0.690000777,1
0,333,add,,64,0.690000777,1
0,334,add,,64,0.690000777,1
0,335,add,,64,0.690000777,1
0,336,add,,64,0.690000777,1
0,337,add,,64,0.690000777,1
0,338,add,,64,0.690000777,1
0,339,add,,64,0.690000777,1
0,340,add,,64,0.690000777,1
0,341,add,,64,0.690000777,1
0,342,add,,64,0.690000777,1
0,343,add,,64,0.690000777,1
0,344,add,,64,0.690000777,1
0,345,add,,64,0.690000777,1
0,346,add,,64,0.690000777,1
0,347,add,,64,0.690000777,1
0,348,add,,64,0.690000777,1
0,349,add,,64,0.690000777,1
0,350,add,,64,0.690000777,1
0,351,add,,64,0.690000777,1
0,352,add,,64,0.690000777,1
0,353,add,,64,0.690000777,1
0,354,add,,64,0.690000777,1
0,355,add,,64,0.690000777,1
0,356,add,,64,0.690000777,1
0,357,add,,64,0.690000777,1
0,358,add,,64,0.690000777,1
0,359,add,,64,0.690000777,1
0,360,add,,64,0.690000777,1
0,361,add,,64,0.690000777,1
0,362,add,,64,0.690000777,1
0,363,add,,64,0.690000777,1
0,364,add,,64,0.690000777,1
0,365,add,,64,0.690000777,1
0,366,add,,64,0.690000777,1
0,367,add,,64,0.690000777,1
0,368,add,,64,0.690000777,1
0,369,add,,64,0.690000777,1
0,370,add,,64,0.690000777,1
0,371,add,,64,0.690000777,1
0,372,add,,64,0.690000777,1
0,373,add,,64,0.690000777,1
0,374,add,,64,0.690000777,1
0,375,add,,64,0.690000777,1
0,376,add,,64,0.690000777,1
0,377,add,,64,0.690000777,1
0,378,add,,64,0.690000777,1
0,379,add,,64,0.690000777,1
0,380,add,,64,0.690000777,1
0,381,add,,64,0.690000777,1
0,382,add,,64,0.690000777,1
0,383,add,,64,0.690000777,1
0,384,add,,64,0.690000777,1
0,385,add,,64,0.690000777,1
0,386,add,,64,0.690000777,1
0,387,add,,64,0.690000777,1
0,388,add,,64,0.690000777,1
0,389,add,,64,0.690000777,1
0,390,add,,64,0.690000777,1
0,391,add,,64,0.690000777,1
0,392,add,,64,0.689969715,1
0,393,add,,64,0.689969715,1
0,394,add,,64,0.689969715,1
0,395,add,,64,0.689969715,1
0,396,add,,64,0.689969715,1
0,397,add,,64,0.689969715,1
0,398,add,,64,0.689969715,1
0,399,add,,64,0.689969715,1
0,400,add,,64,0.689969715,1
0,401,add,,64,0.689969715,1
0,402,add,,64,0.689969715,1
0,403,add,,64,0.689969715,1
0,404,add,,64,0.689969715,1
0,405,add,,64,0.689969715,1
0,406,add,,64,0.689969715,1
0,407,add,,64,0.689969715,1
0,408,add,,64,0.689969715,1
0,409,add,,64,0.689969715,1
0,410,add,,64,0.689969715,1
0,411,add,,64,0.689969715,1
0,412,add,,64,0.689969715,1
0,413,add,,64,0.689969715,1
0,414,add,,64,0.689969715,1
0,415,add,,64,0.689969715,1
0,416,add,,64,0.689969715,1
0,417,add,,64,0.689969715,1
0,418,add,,64,0.690000777,1
0,419,add,,64,0.690000777,1
0,420,add,,64,0.690000777,1
0,421,add,,64,0.690000777,1
0,422,add,,64,0.690000777,1
0,423,add,,64,0.690000777,1
0,424,add,,64,0.690000777,1
0,425,add,,64,0.690000777,1
0,426,add,,64,0.690000777,1
0,427,add,,64,0.690000777,1
0,428,add,,64,0.690000777,1
0,429,add,,64,0.690000777,1
0,430,add,,64,0.690000777,1
0,431,add,,64,0.689969715,1
0,432,add,,64,0.689969715,1
0,433,add,,64,0.689969715,1
0,434,add,,64,0.689969715,1
0,435,add,,64,0.689969715,1
0,436,add,,64,0.689969715,1
0,437,add,,64,0.689969715,1
0,438,add,,64,0.690000777,1
0,439,add,,64,0.689969715,1
0,440,add,,64,0.689969715,1
0,441,add,,64,0.689969715,1
0,442,add,,64,0.689969715,1
0,443,add,,64,0.689969715,1
0,444,add,,64,0.689969715,1
0,445,add,,64,0.690000777,1
0,446,add,,64,0.689969715,1
0,447,add,,64,0.689969715,1
0,448,add,,64,0.689969715,1
0,449,add,,64,0.689969715,1
0,450,add,,64,0.690000777,1
0,451,add,,64,0.689969715,1
0,452,add,,64,0.690000777,1
0,453,add,,64,0.689969715,1
0,454,add,,64,0.690000777,1
0,455,add,,64,0.689969715,1
0,456,add,,64,0.689969715,1
0,457,add,,64,0.689969715,1
0,458,add,,64,0.690000777,1
0,459,add,,64,0.690000777,1
0,460,add,,64,0.689969715,1
0,461,add,,64,0.689969715,1
0,462,add,,64,0.689969715,1
0,463,add,,64,0.690000777,1
0,464,add,,64,0.689969715,1
0,465,add,,64,0.689969715,1
0,466,add,,64,0.689969715,1
0,467,add,,64,0.689969715,1
0,468,add,,64,0.689969715,1
0,469,add,,64,0.689969715,1
0,470,add,,64,0.689969715,1
0,471,add,,64,0.689969715,1
0,472,add,,64,0.689969715,1
0,473,add,,64,0.689969715,1
0,474,add,,64,0.689969715,1
0,475,add,,64,0.689969715,1
0,476,add,,64,0.689969715,1
0,477,add,,64,0.689969715,1
0,478,add,,64,0.999958585,1
0,479,add,,64,0.689969715,1
0,480,add,,64,0.689969715,1
0,481,add,,64,0.689969715,1
0,482,add,,64,0.689969715,1
0,483,add,,64,0.689969715,1
0,484,add,,64,0.689969715,1
0,485,add,,64,0.689969715,1
0,486,add,,64,0.689969715,1
0,487,add,,64,0.689969715,1
0,488,add,,64,0.689969715,1
0,489,add,,64,0.689969715,1
0,490,add,,64,0.689969715,1
0,491,add,,64,0.689969715,1
0,492,add,,64,0.689969715,1
0,493,add,,64,0.689969715,1
0,494,add,,64,0.689969715,1
0,495,add,,64,0.689969715,1
0,496,add,,64,0.689969715,1
0,497,add,,64,0.689969715,1
0,498,add,,64,0.689969715,1
0,499,add,,64,0.689969715,1
0,500,add,,64,0.689969715,1
0,501,add,,64,0.689969715,1
0,502,add,,64,0.689969715,1
0,503,add,,64,0.689969715,1
0,504,add,,64,0.689969715,1
0,505,add,,64,0.689969715,1
0,506,add,,64,0.689969715,1
0,507,add,,64,0.690000777,1
0,508,add,,64,0.690000777,1
0,509,add,,64,0.690000777,1
0,510,add,,64,0.690000777,1
0,511,add,,64,0.690000777,1
0,512,add,,64,0.690000777,1
0,513,add,,64,0.690000777,1
0,514,add,,64,0.690000777,1
0,515,add,,64,0.690000777,1
0,516,add,,64,0.690000777,1
0,517,add,,64,0.690000777,1
0,518,add,,64,0.690000777,1
0,519,add,,64,0.690000777,1
0,520,add,,64,0.690000777,1
0,521,add,,64,0.690000777,1
0,522,add,,64,0.690000777,1
0,523,add,,64,0.690000777,1
0,524,add,,64,0.690000777,1
0,525,add,,64,0.690000777,1
0,526,add,,64,0.690000777,1
0,527,add,,64,0.690000777,1
0,528,add,,64,0.690000777,1
0,529,add,,64,0.690000777,1
0,530,add,,64,0.690000777,1
0,531,add,,64,0.690000777,1
0,532,add,,64,0.689969715,1
0,533,add,,64,0.689969715,1
0,534,add,,64,0.690000777,1
0,535,add,,64,0.690000777,1
0,536,add,,64,0.690000777,1
0,537,add,,64,0.690000777,1
0,538,add,,64,0.690000777,1
0,539,add,,64,0.690000777,1
0,540,add,,64,0.690000777,1
0,541,add,,64,0.690000777,1
0,542,add,,64,0.690000777,1
0,543,add,,64,0.690000777,1
0,544,add,,64,0.690000777,1
0,545,add,,64,0.690000777,1
0,546,add,,64,0.690000777,1
0,547,add,,64,0.690000777,1
0,548,add,,64,0.690000777,1
0,549,add,,64,0.690000777,1
0,550,add,,64,1,1
0,551,add,,64,0.690000777,1
0,552,add,,64,0.690000777,1
0,553,add,,64,0.690000777,1
0,554,add,,64,0.690000777,1
0,555,add,,64,0.690000777,1
0,556,add,,64,1,1
0,557,add,,64,0.690000777,1
0,558,add,,64,0.690000777,1
0,559,add,,64,0.690000777,1
0,560,add,,64,0.690000777,1
0,561,add,,64,0.690000777,1
0,562,add,,64,0.690000777,1
0,563,add,,64,0.690000777,1
0,564,add,,64,0.690000777,1
0,565,add,,64,0.690000777,1
0,566,add,,64,0.690000777,1
0,567,add,,64,0.690000777,1
0,568,add,,64,0.690000777,1
0,569,add,,64,0.690000777,1
0,570,add,,64,0.689969715,1
0,571,add,,64,0.690000777,1
0,572,add,,64,0.690000777,1
0,573,add,,64,0.690000777,1
0,574,add,,64,0.690000777,1
0,575,add,,64,0.690000777,1
0,576,add,,64,0.690000777,1
0,577,add,,64,0.689969715,1
0,578,add,,64,0.689969715,1
0,579,add,,64,0.689969715,1
0,580,add,,64,0.689969715,1
0,581,add,,64,0.689969715,1
0,582,add,,64,0.689969715,1
0,583,add,,64,0.689969715,1
0,584,add,,64,0.689969715,1
0,585,add,,64,0.689969715,1
0,586,add,,64,0.689969715,1
0,587,add,,64,0.689969715,1
0,588,add,,64,0.689969715,1
0,589,add,,64,0.689969715,1
0,590,add,,64,0.689969715,1
0,591,add,,64,0.689969715,1
0,592,add,,64,0.689969715,1
0,593,add,,64,0.689969715,1
0,594,add,,64,0.689969715,1
0,595,add,,64,0.689969715,1
0,596,add,,64,0.689969715,1
0,597,add,,64,0.689969715,1
0,598,add,,64,0.689969715,1
0,599,add,,64,0.689969715,1
0,600,add,,64,0.689969715,1
0,601,add,,64,0.689969715,1
0,602,add,,64,0.689969715,1
0,603,add,,64,0.689969715,1
0,604,add,,64,0.689969715,1
0,605,add,,64,0.689969715,1
0,606,add,,64,0.689969715,1
0,607,add,,64,0.689969715,1
0,608,add,,64,0.689969715,1
0,609,add,,64,0.689969715,1
0,610,add,,64,0.689969715,1
0,611,add,,64,0.689969715,1
0,612,add,,64,0.689969715,1
0,613,add,,64,0.689969715,1
0,614,add,,64,0.689969715,1
0,615,add,,64,0.689969715,1
0,616,add,,64,0.689969715,1
0,617,add,,64,0.689969715,1
0,618,add,,64,0.689969715,1
0,619,add,,64,0.689969715,1
0,620,add,,64,0.689969715,1
0,621,add,,64,0.689969715,1
0,622,add,,64,0.689969715,1
0,623,add,,64,0.689969715,1
0,624,add,,64,0.689969715,1
0,625,add,,64,0.689969715,1
0,626,add,,64,0.689969715,1
0,627,add,,64,0.689969715,1
0,628,add,,64,0.689969715,1
0,629,add,,64,0.689969715,1
0,630,add,,64,0.689969715,1
0,631,add,,64,0.689969715,1
0,632,add,,64,0.689969715,1
0,633,add,,64,0.689969715,1
0,634,add,,64,0.689969715,1
0,635,add,,64,0.689969715,1
0,636,add,,64,0.689969715,1
0,637,add,,64,0.689969715,1
0,638,add,,64,0.689969715,1
0,639,add,,64,0.689969715,1
0,640,add,,64,0.689969715,1
0,641,add,,64,0.689969715,1
0,642,add,,64,0.689969715,1
0,643,add,,64,0.689969715,1
0,644,add,,64,0.689969715,1
0,645,add,,64,0.689969715,1
0,646,add,,64,0.689969715,1
0,647,add,,64,0.689969715,1
0,648,add,,64,0.689969715,1
0,649,add,,64,0.689969715,1
0,650,add,,64,0.689969715,1
0,651,add,,64,0.689969715,1
0,652,add,,64,0.689969715,1
0,653,add,,64,0.689969715,1
0,654,add,,64,0.689969715,1
0,655,add,,64,0.689969715,1
0,656,add,,64,0.689969715,1
0,657,add,,64,0.689969715,1
0,658,add,,64,0.689969715,1
0,659,add,,64,0.689969715,1
0,660,add,,64,0.689969715,1
0,661,add,,64,0.689969715,1
0,662,add,,64,0.689969715,1
0,663,add,,64,0.689969715,1
0,664,add,,64,0.689969715,1
0,665,add,,64,0.689969715,1
0,666,add,,64,0.689969715,1
0,667,add,,64,0.689969715,1
0,668,add,,64,0.689969715,1
0,669,add,,64,0.689969715,1
0,670,add,,64,0.689969715,1
0,671,add,,64,0.689969715,1
0,672,add,,64,0.689969715,1
0,673,add,,64,0.689969715,1
0,674,add,,64,0.689969715,1
0,675,add,,64,0.689969715,1
0,676,add,,64,0.689969715,1
0,677,add,,64,0.689969715,1
0,678,add,,64,0.689969715,1
0,679,add,,64,0.689969715,1
0,680,add,,64,0.689969715,1
0,681,add,,64,0.689969715,1
0,682,add,,64,0.689969715,1
0,683,add,,64,0.689969715,1
0,684,add,,64,0.689969715,1
0,685,add,,64,0.689969715,1
0,686,add,,64,0.689969715,1
0,687,add,,64,0.689969715,1
0,688,add,,64,0.689969715,1
0,689,add,,64,0.689969715,1
0,690,add,,64,0.689969715,1
0,691,add,,64,0.689969715,1
0,692,add,,64,0.689969715,1
0,693,add,,64,0.689969715,1
0,694,add,,64,0.689969715,1
0,695,add,,64,0.689969715,1
0,696,add,,64,0.689969715,1
0,697,add,,64,0.689969715,1
0,698,add,,64,0.689969715,1
0,699,add,,64,0.689969715,1
0,700,add,,64,0.689969715,1
0,701,add,,64,0.689969715,1
0,702,add,,64,0.689969715,1
0,703,add,,64,0.689969715,1
0,704,add,,64,0.689969715,1
0,705,add,,64,0.689969715,1
0,706,add,,64,0.689969715,1
0,707,add,,64,0.689969715,1
0,708,add,,64,0.689969715,1
0,709,add,,64,0.689969715,1
0,710,add,,64,0.689969715,1
0,711,add,,64,0.689969715,1
0,712,add,,64,0.689969715,1
0,713,add,,64,0.689969715,1
0,714,add,,64,0.689969715,1
0,715,add,,64,0.689969715,1
0,716,add,,64,0.689969715,1
0,717,add,,64,0.689969715,1
0,718,add,,64,0.689969715,1
0,719,add,,64,0.689969715,1
0,720,add,,64,0.689969715,1
0,721,add,,64,0.689969715,1
0,722,add,,64,0.689969715,1
0,723,add,,64,0.689969715,1
0,724,add,,64,0.689969715,1
0,725,add,,64,0.689969715,1
0,726,add,,64,0.689969715,1
0,727,add,,64,0.689969715,1
0,728,add,,64,0.689969715,1
0,729,add,,64,0.689969715,1
0,730,add,,64,0.689969715,1
0,731,add,,64,0.689969715,1
0,732,add,,64,0.689969715,1
0,733,add,,64,0.689969715,1
0,734,add,,64,0.689969715,1
0,735,add,,64,0.689969715,1
0,736,add,,64,0.689969715,1
0,737,add,,64,0.689969715,1
0,738,add,,64,0.689969715,1
0,739,add,,64,0.689969715,1
0,740,add,,64,0.689969715,1
0,741,add,,64,0.689969715,1
0,742,add,,64,0.689969715,1
0,743,add,,64,0.689969715,1
0,744,add,,64,0.689969715,1
0,745,add,,64,0.689969715,1
0,746,add,,64,0.689969715,1
0,747,add,,64,0.689969715,1
0,748,add,,64,0.689969715,1
0,749,add,,64,0.689969715,1
0,750,add,,64,0.689969715,1
0,751,add,,64,0.689969715,1
0,752,add,,64,0.689969715,1
0,753,add,,64,0.689969715,1
0,754,add,,64,0.689969715,1
0,755,add,,64,0.689969715,1
0,756,add,,64,0.689969715,1
0,757,add,,64,0.689969715,1
0,758,add,,64,0.689969715,1
0,759,add,,64,0.689969715,1
0,760,add,,64,0.689969715,1
0,761,add,,64,0.689969715,1
0,762,add,,64,0.689969715,1
0,763,add,,64,0.999958585,1
0,764,add,,64,0.689969715,1
0,765,add,,64,0.689969715,1
0,766,add,,64,0.689969715,1
0,767,add,,64,0.689969715,1
0,768,add,,64,0.689969715,1
0,769,add,,64,0.689969715,1
0,770,add,,64,0.689969715,1
0,771,add,,64,0.689969715,1
0,772,add,,64,0.689969715,1
0,773,add,,64,0.689969715,1
0,774,add,,64,0.689969715,1
0,775,add,,64,0.689969715,1
0,776,add,,64,0.689969715,1
0,777,add,,64,0.689969715,1
0,778,add,,64,0.689969715,1
0,779,add,,64,0.689969715,1
0,780,add,,64,0.689969715,1
0,781,add,,64,0.689969715,1
0,782,add,,64,0.689969715,1
0,783,add,,64,0.689969715,1
0,784,add,,64,0.689969715,1
0,785,add,,64,0.689969715,1
0,786,add,,64,0.689969715,1
0,787,add,,64,0.689969715,1
0,788,add,,64,0.689969715,1
0,789,add,,64,0.689969715,1
0,790,add,,64,0.689969715,1
0,791,add,,64,0.999958585,1
0,792,add,,64,0.689969715,1
0,793,add,,64,0.689969715,1
0,794,add,,64,0.689969715,1
0,795,add,,64,0.689969715,1
0,796,add,,64,0.689969715,1
0,797,add,,64,0.689969715,1
0,798,add,,64,0.689969715,1
0,799,add,,64,0.689969715,1
0,800,add,,64,0.999958585,1
0,801,add,,64,0.689969715,1
0,802,add,,64,0.689969715,1
0,803,add,,64,0.689969715,1
0,804,add,,64,0.689969715,1
0,805,add,,64,0.689969715,1
0,806,add,,64,0.689969715,1
0,807,add,,64,0.689969715,1
0,808,add,,64,0.689969715,1
0,809,add,,64,0.689969715,1
0,810,add,,64,0.689969715,1
0,811,add,,64,0.689969715,1
0,812,add,,64,0.689969715,1
0,813,add,,64,0.689969715,1
0,814,add,,64,0.689969715,1
0,815,add,,64,0.689969715,1
0,816,add,,64,0.689969715,1
0,817,add,,64,0.689969715,1
0,818,add,,64,0.689969715,1
0,819,add,,64,0.689969715,1
0,820,add,,64,0.689969715,1
0,821,add,,64,0.689969715,1
0,822,add,,64,0.689969715,1
0,823,add,,64,0.689969715,1
0,824,add,,64,0.689969715,1
0,825,add,,64,0.689969715,1
0,826,add,,64,0.689969715,1
0,827,add,,64,0.689969715,1
0,828,add,,64,0.689969715,1
0,829,add,,64,0.689969715,1
0,830,add,,64,0.689969715,1
0,831,add,,64,0.689969715,1
0,832,add,,64,0.689969715,1
0,833,add,,64,0.689969715,1
0,834,add,,64,0.689969715,1
0,835,add,,64,0.689969715,1
0,836,add,,64,0.689969715,1
0,837,add,,64,0.689969715,1
0,838,add,,64,0.689969715,1
0,839,add,,64,0.689969715,1
0,840,add,,64,0.689969715,1
0,841,add,,64,0.689969715,1
0,842,add,,64,0.689969715,1
0,843,add,,64,0.689969715,1
0,844,add,,64,0.689969715,1
0,845,add,,64,0.689969715,1
0,846,add,,64,0.689969715,1
0,847,add,,64,0.689969715,1
0,848,add,,64,0.689969715,1
0,849,add,,64,0.689969715,1
0,850,add,,64,0.689969715,1
0,851,add,,64,0.999958585,1
0,852,add,,64,0.689969715,1
0,853,add,,64,0.689969715,1
0,854,add,,64,0.689969715,1
0,855,add,,64,0.689969715,1
0,856,add,,64,0.689969715,1
0,857,add,,64,0.689969715,1
0,858,add,,64,0.689969715,1
0,859,add,,64,0.689969715,1
0,860,add,,64,0.689969715,1
0,861,add,,64,0.689969715,1
0,862,add,,64,0.689969715,1
0,863,add,,64,0.689969715,1
0,864,add,,64,0.689969715,1
0,865,add,,64,0.689969715,1
0,866,add,,64,0.689969715,1
0,867,add,,64,0.689969715,1
0,868,add,,64,0.689969715,1
0,869,add,,64,0.689969715,1
0,870,add,,64,0.689969715,1
0,871,add,,64,0.689969715,1
0,872,add,,64,0.689969715,1
0,873,add,,64,0.689969715,1
0,874,add,,64,0.689969715,1
0,875,add,,64,0.689969715,1
0,876,add,,64,0.689969715,1
0,877,add,,64,0.689969715,1
0,878,add,,64,0.689969715,1
0,879,add,,64,0.689969715,1
0,880,add,,64,0.689969715,1
0,881,add,,64,0.689969715,1
0,882,add,,64,0.689969715,1
0,883,add,,64,0.689969715,1
0,884,add,,64,0.689969715,1
0,885,add,,64,0.689969715,1
0,886,add,,64,0.689969715,1
0,887,add,,64,0.689969715,1
0,888,add,,64,0.689969715,1
0,889,add,,64,0.689969715,1
0,890,add,,64,0.689969715,1
0,891,add,,64,0.689969715,1
0,892,add,,64,0.689969715,1
0,893,add,,64,0.689969715,1
0,894,add,,64,0.689969715,1
0,895,add,,64,0.689969715,1
0,896,add,,64,0.689969715,1
0,897,add,,64,0.689969715,1
0,898,add,,64,0.689969715,1
0,899,add,,64,0.689969715,1
0,900,add,,64,0.689969715,1
0,901,add,,64,0.689969715,1
0,902,add,,64,0.689969715,1
0,903,add,,64,0.689969715,1
0,904,add,,64,0.689969715,1
0,905,add,,64,0.689969715,1
0,906,add,,64,0.689969715,1
0,907,add,,64,0.689969715,1
0,908,add,,64,0.689969715,1
0,909,add,,64,0.689969715,1
0,910,add,,64,0.689969715,1
0,911,add,,64,0.689969715,1
0,912,add,,64,0.689969715,1
0,913,add,,64,0.689969715,1
0,914,add,,64,0.689969715,1
0,915,add,,64,0.689969715,1
0,916,add,,64,0.689969715,1
0,917,add,,64,0.689969715,1
0,918,add,,64,0.689969715,1
0,919,add,,64,0.689969715,1
0,920,add,,64,0.689969715,1
0,921,add,,64,0.689969715,1
0,922,add,,64,0.689969715,1
0,923,add,,64,0.689969715,1
0,924,add,,64,0.689969715,0.095724603
0,925,add,,64,0.689969715,1
0,926,add,,64,0.689969715,1
0,927,add,,64,0.689969715,1
0,928,add,,64,0.689969715,1
0,929,add,,64,0.689969715,1
0,930,add,,64,0.689969715,1
0,931,add,,64,0.689969715,1
0,932,add,,64,0.689969715,1
0,933,add,,64,0.689969715,1
0,934,add,,64,0.689969715,1
0,935,add,,64,0.689969715,1
0,936,add,,64,0.689969715,1
0,937,add,,64,0.689969715,1
0,938,add,,64,0.689969715,1
0,939,add,,64,0.689969715,1
0,940,add,,64,0.689969715,1
0,941,add,,64,0.689969715,1
0,942,add,,64,0.689969715,1
0,943,add,,64,0.999958585,1
0,944,add,,64,0.689969715,1
0,945,add,,64,0.689969715,1
0,946,add,,64,0.689969715,1
0,947,add,,64,0.689969715,1
0,948,add,,64,0.689969715,1
0,949,add,,64,0.999958585,1
0,950,add,,64,0.689969715,1
0,951,add,,64,0.689969715,1
0,952,add,,64,0.689969715,1
0,953,add,,64,0.689969715,1
0,954,add,,64,0.689969715,1
0,955,add,,64,0.689969715,1
0,956,add,,64,0.689969715,1
0,957,add,,64,0.689969715,1
0,958,add,,64,0.689969715,1
0,959,add,,64,0.689969715,1
0,960,add,,64,0.689969715,1
0,961,add,,64,0.689969715,1
0,962,add,,64,0.690000777,1
0,963,add,,64,0.690000777,1
0,964,add,,64,0.690000777,1
0,965,add,,64,0.689969715,1
0,966,add,,64,0.689969715,1
0,967,add,,64,0.689969715,1
0,968,add,,64,0.689969715,1
0,969,add,,64,0.689969715,1
0,970,add,,64,0.689969715,1
0,971,add,,64,0.689969715,1
0,972,add,,64,0.689969715,1
0,973,add,,64,0.690000777,1
0,974,add,,64,0.689969715,1
0,975,add,,64,0.689969715,1
0,976,add,,64,0.689969715,1
0,977,add,,64,0.689969715,1
0,978,add,,64,0.689969715,1
0,979,add,,64,0.689969715,1
0,980,add,,64,0.689969715,1
0,981,add,,64,0.689969715,1
0,982,add,,64,0.690000777,1
0,983,add,,64,1,1
0,984,add,,64,0.690000777,1
0,985,add,,64,0.690000777,1
0,986,add,,64,0.689969715,1
0,1151,add,,64,0.690005953,1
0,1152,add,,64,0.690005953,1
0,1153,add,,64,0.690005953,1
0,1154,add,,64,0.690005953,1
0,1155,add,,64,0.690005953,1
0,1156,add,,64,0.690005953,1
0,1157,add,,64,0.690005953,1
0,1158,add,,64,0.690005953,1
0,1159,add,,64,0.690005953,1
0,1160,add,,64,0.690005953,1
0,1161,add,,64,0.690005953,1
0,1162,add,,64,0.690005953,1
0,1163,add,,64,0.690005953,1
0,1164,add,,64,0.690005953,1
0,1165,add,,64,0.690005953,1
0,1166,add,,64,0.690005953,1
0,1167,add,,64,0.690005953,1
0,1168,add,,64,0.690005953,1
0,1169,add,,64,0.690005953,1
0,1170,add,,64,0.690005953,1
0,1171,add,,64,0.690005953,1
0,1172,add,,64,0.690005953,1
0,1173,add,,64,0.690005953,1
0,1174,add,,64,0.690005953,1
0,1175,add,,64,0.690005953,1
0,1176,add,,64,0.690005953,1
0,1177,add,,64,0.690005953,1
0,1178,add,,64,0.690005953,1
0,1179,add,,64,0.690005953,1
0,1180,add,,64,0.690005953,1
0,1181,add,,64,0.690005953,1
0,1182,add,,64,0.690005953,1
0,1183,add,,64,0.690005953,1
0,1184,add,,64,0.690005953,1
0,1185,add,,64,0.690005953,1
0,1186,add,,64,0.690005953,1
0,1187,add,,64,0.690005953,1
0,1188,add,,64,0.690005953,1
0,1189,add,,64,0.690005953,1
0,1190,add,,64,0.690005953,1
0,1191,add,,64,0.690005953,1
0,1192,add,,64,0.690005953,1
0,1193,add,,64,0.690005953,1
0,1194,add,,64,0.690005953,1
0,1195,add,,64,0.690005953,1
0,1196,add,,64,0.690005953,1
0,1197,add,,64,0.690005953,1
0,1198,add,,64,0.690005953,1
0,1199,add,,64,0.690005953,1
0,1200,add,,64,0.690005953,1
0,1201,add,,64,0.690005953,1
0,1202,add,,64,0.690005953,1
0,1203,add,,64,0.690005953,1
0,1204,add,,64,0.690005953,1
0,1205,add,,64,0.690005953,1
0,1206,add,,64,0.690005953,1
0,1207,add,,64,0.690005953,1
0,1208,add,,64,0.690005953,1
0,1209,add,,64,0.690005953,1
0,1210,add,,64,0.690005953,1
0,1211,add,,64,0.690005953,1
0,1212,add,,64,0.690005953,1
0,1213,add,,64,0.690005953,1
0,1214,add,,64,0.690005953,1
0,1215,add,,64,0.690005953,1
0,1216,add,,64,0.690005953,1
0,1217,add,,64,0.690005953,1
0,1218,add,,64,0.690005953,1
0,1219,add,,64,0.690005953,1
0,1220,add,,64,0.690005953,1
0,1221,add,,64,0.690005953,1
0,1222,add,,64,0.690005953,1
0,1223,add,,64,0.690005953,1
0,1224,add,,64,0.690005953,1
0,1225,add,,64,0.690005953,1
0,1226,add,,64,0.690005953,1
0,1227,add,,64,0.690005953,1
0,1228,add,,64,0.690005953,1
0,1229,add,,64,0.690005953,1
0,1230,add,,64,0.690005953,1
0,1231,add,,64,0.690005953,1
0,1232,add,,64,0.690005953,1
0,1233,add,,64,0.690005953,1
0,1234,add,,64,0.690005953,1
0,1235,add,,64,0.690005953,1
0,1236,add,,64,0.690005953,1
0,1237,add,,64,0.690005953,1
0,1238,add,,64,0.690005953,1
0,1239,add,,64,0.690005953,1
0,1240,add,,64,0.690005953,1
0,1241,add,,64,0.690005953,1
0,1242,add,,64,0.690005953,1
0,1243,add,,64,0.690005953,1
0,1244,add,,64,0.690005953,1
0,1245,add,,64,0.690005953,0.966378112
0,1246,add,,64,0.690005953,1
0,1247,add,,64,0.690005953,1
0,1248,add,,64,0.690005953,1
0,1249,add,,64,0.690005953,1
0,1250,add,,64,0.690005953,1
0,1251,add,,64,0.690005953,1
0,1252,add,,64,0.690005953,1
0,1253,add,,64,0.690005953,1
0,1254,add,,64,0.690005953,1
0,1255,add,,64,0.690005953,1
0,1256,add,,64,0.690005953,1
0,1257,add,,64,0.690005953,1
0,1258,add,,64,0.690005953,1
0,1259,add,,64,0.690005953,1
0,1260,add,,64,0.690005953,1
0,1261,add,,64,0.690005953,1
0,1262,add,,64,0.690005953,1
0,1263,add,,64,0.690005953,1
0,1264,add,,64,0.690005953,1
0,1265,add,,64,0.690005953,1
0,1266,add,,64,0.690005953,1
0,1267,add,,64,0.690005953,1
0,1268,add,,64,0.690005953,1
0,1269,add,,64,0.690005953,1
0,1270,add,,64,0.690005953,1
0,1271,add,,64,0.690005953,1
0,1272,add,,64,0.690005953,1
0,1273,add,,64,0.690005953,1
0,1274,add,,64,0.690005953,1
0,1275,add,,64,0.690005953,1
0,1276,add,,64,0.690005953,1
0,1277,add,,64,0.690005953,1
0,1278,add,,64,0.690005953,1
0,1279,add,,64,0.690005953,1
0,1280,add,,64,0.690005953,1
0,1281,add,,64,0.690005953,1
0,1282,add,,64,0.690005953,1
0,1283,add,,64,0.690005953,1
0,1284,add,,64,0.690005953,1
0,1285,add,,64,0.690005953,1
0,1286,add,,64,0.690005953,1
0,1287,add,,64,0.690005953,1
0,1288,add,,64,0.690005953,1
0,1289,add,,64,0.690005953,1
0,1290,add,,64,0.690005953,1
0,1291,add,,64,0.690005953,1
0,1292,add,,64,0.690005953,1
0,1293,add,,64,0.690005953,1
0,1294,add,,64,0.690005953,1
0,1295,add,,64,0.690005953,1
0,1296,add,,64,0.690005953,1
0,1297,add,,64,0.690005953,1
0,1298,add,,64,0.690005953,1
0,1299,add,,64,0.690005953,1
0,1300,add,,64,0.690005953,1
0,1301,add,,64,0.690005953,1
0,1302,add,,64,0.690005953,1
0,1303,add,,64,0.690005953,1
0,1304,add,,64,0.690005953,1
0,1305,add,,64,0.690005953,1
0,1306,add,,64,0.690005953,1
0,1307,add,,64,0.690005953,1
0,1308,add,,64,0.690005953,1
0,1309,add,,64,0.690005953,1
0,1310,add,,64,0.690005953,1
0,1311,add,,64,0.690005953,1
0,1312,add,,64,0.690005953,1
0,1313,add,,64,0.690005953,1
0,987,add,,64,0.690000777,1
0,988,add,,64,0.690000777,1
0,989,add,,64,0.690000777,1
0,990,add,,64,0.690000777,1
0,991,add,,64,0.690000777,1
0,992,add,,64,0.690000777,1
0,993,add,,64,0.690000777,1
0,994,add,,64,0.690000777,1
0,995,add,,64,0.690000777,1
0,996,add,,64,0.690000777,1
0,997,add,,64,0.690000777,1
0,998,add,,64,0.690000777,1
0,999,add,,64,0.690000777,1
0,1000,add,,64,0.690000777,1
0,1001,add,,64,0.690000777,1
0,1002,add,,64,0.690000777,1
0,1003,add,,64,0.690000777,1
0,1004,add,,64,0.690000777,1
0,1005,add,,64,0.690000777,1
0,1006,add,,64,0.690000777,1
0,1007,add,,64,0.690000777,1
0,1008,add,,64,0.690000777,1
0,1009,add,,64,0.690000777,1
0,1010,add,,64,0.690000777,1
0,1011,add,,64,0.690000777,1
0,1012,add,,64,0.690000777,1
0,1013,add,,64,0.690000777,1
0,1014,add,,64,0.690000777,1
0,1015,add,,64,0.690000777,1
0,1016,add,,64,0.690000777,1
0,1017,add,,64,0.690000777,1
0,1018,add,,64,0.690000777,1
0,1019,add,,64,0.690000777,1
0,1020,add,,64,0.690000777,1
0,1021,add,,64,0.690000777,1
0,1022,add,,64,0.690000777,1
0,1023,add,,64,0.690000777,1
0,1024,add,,64,0.690000777,1
0,1025,add,,64,0.690000777,1
0,1026,add,,64,0.690000777,1
0,1027,add,,64,0.690000777,1
0,1028,add,,64,0.690000777,1
0,1029,add,,64,0.690000777,1
0,1030,add,,64,0.690000777,1
0,1031,add,,64,0.690000777,1
0,1032,add,,64,0.690000777,1
0,1033,add,,64,0.690000777,1
0,1034,add,,64,0.690000777,1
0,1035,add,,64,0.690000777,1
0,1036,add,,64,0.690000777,1
0,1037,add,,64,0.690000777,1
0,1038,add,,64,0.690000777,1
0,1039,add,,64,0.690000777,1
0,1040,add,,64,0.690000777,1
0,1041,add,,64,0.690000777,1
0,1042,add,,64,0.690000777,1
0,1043,add,,64,0.690000777,1
0,1044,add,,64,0.690000777,1
0,1045,add,,64,0.690000777,1
0,1046,add,,64,0.690000777,1
0,1047,add,,64,0.690000777,1
0,1048,add,,64,0.690000777,1
0,1049,add,,64,0.690000777,1
0,1050,add,,64,0.690000777,1
0,1051,add,,64,0.690000777,1
0,1052,add,,64,0.690000777,1
0,1053,add,,64,0.690000777,1
0,1054,add,,64,0.690000777,1
0,1055,add,,64,0.690000777,1
0,1056,add,,64,0.690000777,1
0,1057,add,,64,0.690000777,1
0,1058,add,,64,0.690000777,1
0,1059,add,,64,0.690000777,1
0,1060,add,,64,0.690000777,1
0,1061,add,,64,0.690000777,1
0,1062,add,,64,0.690000777,1
0,1063,add,,64,0.690000777,1
0,1064,add,,64,0.690000777,1
0,1065,add,,64,0.690000777,1
0,1066,add,,64,0.689969715,1
0,1067,add,,64,0.690000777,1
0,1068,add,,64,0.690000777,1
0,1069,add,,64,1,1
0,1070,add,,64,0.690000777,1
0,1071,add,,64,0.690000777,1
0,1072,add,,64,0.690000777,1
0,1073,add,,64,0.690000777,1
0,1074,add,,64,0.690000777,1
0,1075,add,,64,0.690000777,1
0,1076,add,,64,0.690000777,1
0,1077,add,,64,0.690000777,1
0,1078,add,,64,0.690000777,1
0,1079,add,,64,0.690000777,1
0,1080,add,,64,0.690000777,1
0,1081,add,,64,0.690000777,1
0,1082,add,,64,0.690000777,1
0,1083,add,,64,0.690000777,1
0,1084,add,,64,0.690000777,1
0,1085,add,,64,0.690000777,1
0,1086,add,,64,0.690000777,1
0,1087,add,,64,0.690000777,1
0,1088,add,,64,0.690000777,1
0,1089,add,,64,0.690000777,1
0,1090,add,,64,0.690000777,1
0,1091,add,,64,0.690000777,1
0,1092,add,,64,0.690000777,1
0,1093,add,,64,0.690000777,1
0,1094,add,,64,0.690000777,1
0,1095,add,,64,0.690000777,1
0,1096,add,,64,0.689969715,1
0,1097,add,,64,0.690000777,1
0,1098,add,,64,0.690000777,1
0,1099,add,,64,0.690000777,1
0,1100,add,,64,0.690000777,1
0,1101,add,,64,0.690000777,1
0,1102,add,,64,0.690000777,1
0,1103,add,,64,0.690000777,1
0,1104,add,,64,0.690000777,1
0,1105,add,,64,0.690000777,1
0,1106,add,,64,0.690000777,1
0,1107,add,,64,0.690000777,1
0,1108,add,,64,0.690000777,1
0,1109,add,,64,0.690000777,1
0,1110,add,,64,0.690000777,1
0,1111,add,,64,0.690000777,1
0,1112,add,,64,0.690000777,1
0,1113,add,,64,1,1
0,1114,add,,64,0.690005953,1
0,1115,add,,64,0.690005953,1
0,1116,add,,64,0.690005953,1
0,1117,add,,64,0.690005953,1
0,1118,add,,64,0.690005953,1
0,1119,add,,64,0.690005953,1
0,1120,add,,64,0.690005953,1
0,1121,add,,64,0.690005953,1
0,1122,add,,64,0.690005953,1
0,1123,add,,64,0.690005953,1
0,1124,add,,64,0.690005953,1
0,1125,add,,64,0.690005953,1
0,1126,add,,64,0.690005953,1
0,1127,add,,64,0.690005953,1
0,1128,add,,64,0.690005953,1
0,1129,add,,64,0.690005953,1
0,1130,add,,64,0.690005953,1
0,1131,add,,64,0.690005953,1
0,1132,add,,64,0.690005953,1
0,1133,add,,64,0.690005953,1
0,1134,add,,64,0.690005953,1
0,1135,add,,64,0.690005953,1
0,1136,add,,64,0.690005953,1
0,1137,add,,64,0.690005953,1
0,1138,add,,64,0.690005953,1
0,1139,add,,64,0.690005953,1
0,1140,add,,64,0.690005953,1
0,1141,add,,64,0.574788393,1
0,1142,add,,64,0.690005953,1
0,1143,add,,64,0.690005953,1
0,1144,add,,64,0.690005953,1
0,1145,add,,64,0.690005953,1
0,1146,add,,64,0.690005953,1
0,1147,add,,64,0.690005953,1
1351,1075,softerror,agent_check,0,0,0
8611,1075,softerror,agent_check,0,0,0
16052,1075,softerror,agent_check,0,0,0
23309,1075,softerror,agent_check,0,0,0
30570,1075,softerror,agent_check,0,0,0
37891,1075,softerror,agent_check,0,0,0
45151,1075,softerror,agent_check,0,0,0
52469,1075,softerror,agent_check,0,0,0
59862,1075,softerror,agent_check,0,0,0
777,930,softerror,machine_fail,0,0,0
8098,930,softerror,machine_fail,0,0,0
15420,930,softerror,machine_fail,0,0,0
22739,930,softerror,machine_fail,0,0,0
30059,930,softerror,machine_fail,0,0,0
37379,930,softerror,machine_fail,0,0,0
44698,930,softerror,machine_fail,0,0,0
49380,618,softerror,machine_fail,0,0,0
49473,618,softerror,daemon_check,0,0,0
52016,930,softerror,machine_fail,0,0,0
59337,930,softerror,machine_fail,0,0,0
50623,689,softerror,machine_fail,0,0,0
52005,689,softerror,agent_check,0,0,0
52219,689,softerror,daemon_check,0,0,0
55222,731,softerror,disk_full,0,0,0
4407,372,softerror,agent_check,0,0,0
49854,401,softerror,machine_fail,0,0,0
50018,401,softerror,nc_diskless,0,0,0
51325,401,softerror,agent_check,0,0,0
51515,401,softerror,daemon_check,0,0,0
60273,372,softerror,agent_check,0,0,0
67706,372,softerror,agent_check,0,0,0
66597,930,softerror,machine_fail,0,0,0
73918,930,softerror,machine_fail,0,0,0
67244,1075,softerror,agent_check,0,0,0
74682,1075,softerror,agent_check,0,0,0
81179,930,softerror,machine_fail,0,0,0
75268,372,softerror,agent_check,0,0,0
82706,372,softerror,agent_check,0,0,0
82122,1075,softerror,agent_check,0,0,0